-- MySQL dump 10.14  Distrib 5.5.47-MariaDB, for debian-linux-gnu (x86_64)
--
-- Host: localhost    Database: pwl
-- ------------------------------------------------------
-- Server version	5.5.47-MariaDB-1~trusty-log

/*!40101 SET @OLD_CHARACTER_SET_CLIENT=@@CHARACTER_SET_CLIENT */;
/*!40101 SET @OLD_CHARACTER_SET_RESULTS=@@CHARACTER_SET_RESULTS */;
/*!40101 SET @OLD_COLLATION_CONNECTION=@@COLLATION_CONNECTION */;
/*!40101 SET NAMES utf8 */;
/*!40103 SET @OLD_TIME_ZONE=@@TIME_ZONE */;
/*!40103 SET TIME_ZONE='+00:00' */;
/*!40014 SET @OLD_UNIQUE_CHECKS=@@UNIQUE_CHECKS, UNIQUE_CHECKS=0 */;
/*!40014 SET @OLD_FOREIGN_KEY_CHECKS=@@FOREIGN_KEY_CHECKS, FOREIGN_KEY_CHECKS=0 */;
/*!40101 SET @OLD_SQL_MODE=@@SQL_MODE, SQL_MODE='NO_AUTO_VALUE_ON_ZERO' */;
/*!40111 SET @OLD_SQL_NOTES=@@SQL_NOTES, SQL_NOTES=0 */;

--
-- Table structure for table `pwl_answer`
--

DROP TABLE IF EXISTS `pwl_answer`;
/*!40101 SET @saved_cs_client     = @@character_set_client */;
/*!40101 SET character_set_client = utf8 */;
CREATE TABLE `pwl_answer` (
  `id_answer` int(11) NOT NULL AUTO_INCREMENT,
  `user_id` int(11) NOT NULL,
  `question_id` int(11) NOT NULL,
  `description_answer` text NOT NULL,
  `answer_date` datetime NOT NULL,
  `answer_update` datetime DEFAULT NULL,
  PRIMARY KEY (`id_answer`),
  KEY `user_id` (`user_id`),
  KEY `question_id` (`question_id`),
  CONSTRAINT `pwl_answer_ibfk_1` FOREIGN KEY (`user_id`) REFERENCES `pwl_user` (`id_user`) ON DELETE CASCADE ON UPDATE CASCADE,
  CONSTRAINT `pwl_answer_ibfk_2` FOREIGN KEY (`question_id`) REFERENCES `pwl_question` (`id_question`) ON DELETE CASCADE ON UPDATE CASCADE
) ENGINE=InnoDB AUTO_INCREMENT=2 DEFAULT CHARSET=utf8;
/*!40101 SET character_set_client = @saved_cs_client */;

--
-- Dumping data for table `pwl_answer`
--

LOCK TABLES `pwl_answer` WRITE;
/*!40000 ALTER TABLE `pwl_answer` DISABLE KEYS */;
INSERT INTO `pwl_answer` VALUES (1,1,1,'Answer ... Lorem ipsum dolor sit amet, consectetur adipisicing elit, sed do eiusmod\r\ntempor incididunt ut labore et dolore magna aliqua. Ut enim ad minim veniam,\r\nquis nostrud exercitation ullamco laboris nisi ut aliquip ex ea commodo\r\nconsequat. Duis aute irure dolor in reprehenderit in voluptate velit esse\r\ncillum dolore eu fugiat nulla pariatur. Excepteur sint occaecat cupidatat non\r\nproident, sunt in culpa qui officia deserunt mollit anim id est laborum.','2015-11-27 00:00:00',NULL);
/*!40000 ALTER TABLE `pwl_answer` ENABLE KEYS */;
UNLOCK TABLES;

--
-- Table structure for table `pwl_category`
--

DROP TABLE IF EXISTS `pwl_category`;
/*!40101 SET @saved_cs_client     = @@character_set_client */;
/*!40101 SET character_set_client = utf8 */;
CREATE TABLE `pwl_category` (
  `id_category` int(11) NOT NULL AUTO_INCREMENT,
  `category_name` varchar(50) NOT NULL,
  PRIMARY KEY (`id_category`)
) ENGINE=InnoDB AUTO_INCREMENT=5 DEFAULT CHARSET=utf8;
/*!40101 SET character_set_client = @saved_cs_client */;

--
-- Dumping data for table `pwl_category`
--

LOCK TABLES `pwl_category` WRITE;
/*!40000 ALTER TABLE `pwl_category` DISABLE KEYS */;
INSERT INTO `pwl_category` VALUES (1,'Programming'),(2,'UI'),(3,'UX'),(4,'Design');
/*!40000 ALTER TABLE `pwl_category` ENABLE KEYS */;
UNLOCK TABLES;

--
-- Table structure for table `pwl_comment`
--

DROP TABLE IF EXISTS `pwl_comment`;
/*!40101 SET @saved_cs_client     = @@character_set_client */;
/*!40101 SET character_set_client = utf8 */;
CREATE TABLE `pwl_comment` (
  `id_comment` int(11) NOT NULL AUTO_INCREMENT,
  `user_id` int(11) NOT NULL,
  `question_id` int(11) DEFAULT NULL,
  `answer_id` int(11) DEFAULT NULL,
  `comment_in` enum('Question','Answer') NOT NULL,
  `description_comment` text NOT NULL,
  `comment_date` datetime NOT NULL,
  `comment_update` datetime DEFAULT NULL,
  PRIMARY KEY (`id_comment`),
  KEY `user_id` (`user_id`),
  KEY `question_id` (`question_id`),
  KEY `answer_id` (`answer_id`),
  CONSTRAINT `pwl_comment_ibfk_1` FOREIGN KEY (`user_id`) REFERENCES `pwl_user` (`id_user`) ON DELETE CASCADE ON UPDATE CASCADE,
  CONSTRAINT `pwl_comment_ibfk_2` FOREIGN KEY (`question_id`) REFERENCES `pwl_question` (`id_question`) ON DELETE CASCADE ON UPDATE CASCADE,
  CONSTRAINT `pwl_comment_ibfk_3` FOREIGN KEY (`answer_id`) REFERENCES `pwl_answer` (`id_answer`) ON DELETE CASCADE ON UPDATE CASCADE
) ENGINE=InnoDB AUTO_INCREMENT=3 DEFAULT CHARSET=utf8;
/*!40101 SET character_set_client = @saved_cs_client */;

--
-- Dumping data for table `pwl_comment`
--

LOCK TABLES `pwl_comment` WRITE;
/*!40000 ALTER TABLE `pwl_comment` DISABLE KEYS */;
INSERT INTO `pwl_comment` VALUES (1,1,NULL,1,'Answer','Comment ... Lorem ipsum dolor sit amet, consectetur adipisicing elit, sed do eiusmod\r\ntempor incididunt ut labore et dolore magna aliqua. Ut enim ad minim veniam,\r\nquis nostrud exercitation ullamco laboris nisi ut aliquip ex ea commodo\r\nconsequat. Duis aute irure dolor in reprehenderit in voluptate velit esse\r\ncillum dolore eu fugiat nulla pariatur. Excepteur sint occaecat cupidatat non\r\nproident, sunt in culpa qui officia deserunt mollit anim id est laborum.','2015-11-26 00:00:00','2015-11-28 19:59:07'),(2,1,3,NULL,'Question','Comment ... Lorem ipsum dolor sit amet, consectetur adipisicing elit, sed do eiusmod\r\ntempor incididunt ut labore et dolore magna aliqua. Ut enim ad minim veniam,\r\nquis nostrud exercitation ullamco laboris nisi ut aliquip ex ea commodo\r\nconsequat. Duis aute irure dolor in reprehenderit in voluptate velit esse\r\ncillum dolore eu fugiat nulla pariatur. Excepteur sint occaecat cupidatat non\r\nproident, sunt in culpa qui officia deserunt mollit anim id est laborum.','2015-11-27 00:00:00','2015-11-29 19:59:07');
/*!40000 ALTER TABLE `pwl_comment` ENABLE KEYS */;
UNLOCK TABLES;

--
-- Table structure for table `pwl_migrations`
--

DROP TABLE IF EXISTS `pwl_migrations`;
/*!40101 SET @saved_cs_client     = @@character_set_client */;
/*!40101 SET character_set_client = utf8 */;
CREATE TABLE `pwl_migrations` (
  `version` bigint(20) NOT NULL
) ENGINE=InnoDB DEFAULT CHARSET=utf8;
/*!40101 SET character_set_client = @saved_cs_client */;

--
-- Dumping data for table `pwl_migrations`
--

LOCK TABLES `pwl_migrations` WRITE;
/*!40000 ALTER TABLE `pwl_migrations` DISABLE KEYS */;
INSERT INTO `pwl_migrations` VALUES (20121031100537);
/*!40000 ALTER TABLE `pwl_migrations` ENABLE KEYS */;
UNLOCK TABLES;

--
-- Table structure for table `pwl_question`
--

DROP TABLE IF EXISTS `pwl_question`;
/*!40101 SET @saved_cs_client     = @@character_set_client */;
/*!40101 SET character_set_client = utf8 */;
CREATE TABLE `pwl_question` (
  `id_question` int(11) NOT NULL AUTO_INCREMENT,
  `user_id` int(11) NOT NULL,
  `subject` varchar(100) NOT NULL,
  `category_id` int(11) NOT NULL,
  `description_question` text NOT NULL,
  `answer_id` int(11) DEFAULT NULL,
  `question_date` datetime NOT NULL,
  `question_update` datetime DEFAULT NULL,
  `viewers` int(11) DEFAULT NULL,
  `url_question` varchar(250) NOT NULL,
  PRIMARY KEY (`id_question`),
  KEY `user_id` (`user_id`),
  KEY `category_id` (`category_id`),
  KEY `answer_id` (`answer_id`),
  CONSTRAINT `pwl_question_ibfk_1` FOREIGN KEY (`user_id`) REFERENCES `pwl_user` (`id_user`) ON DELETE CASCADE ON UPDATE CASCADE,
  CONSTRAINT `pwl_question_ibfk_2` FOREIGN KEY (`category_id`) REFERENCES `pwl_category` (`id_category`) ON DELETE CASCADE ON UPDATE CASCADE,
  CONSTRAINT `pwl_question_ibfk_3` FOREIGN KEY (`answer_id`) REFERENCES `pwl_answer` (`id_answer`) ON DELETE CASCADE ON UPDATE CASCADE
) ENGINE=InnoDB AUTO_INCREMENT=102 DEFAULT CHARSET=utf8;
/*!40101 SET character_set_client = @saved_cs_client */;

--
-- Dumping data for table `pwl_question`
--

LOCK TABLES `pwl_question` WRITE;
/*!40000 ALTER TABLE `pwl_question` DISABLE KEYS */;
INSERT INTO `pwl_question` VALUES (1,1,'Lorem ipsum dolor sit amet',1,'Question ... Lorem ipsum dolor sit amet, consectetur adipisicing elit, sed do eiusmod\r\ntempor incididunt ut labore et dolore magna aliqua. Ut enim ad minim veniam,\r\nquis nostrud exercitation ullamco laboris nisi ut aliquip ex ea commodo\r\nconsequat. Duis aute irure dolor in reprehenderit in voluptate velit esse\r\ncillum dolore eu fugiat nulla pariatur. Excepteur sint occaecat cupidatat non\r\nproident, sunt in culpa qui officia deserunt mollit anim id est laborum.',1,'2015-11-25 00:00:00','2015-11-29 05:19:41',245,'1-lorem-ipsum-dolor-sit-amet'),(3,1,'1 Lorem ipsum dolor sit amet, consectetur adipisicing elit.',4,'1Lorem ipsum dolor sit amet, consectetur adipisicing elit, sed do eiusmod tempor incididunt ut labore et dolore magna aliqua. Ut enim ad minim veniam, quis nostrud exercitation ullamco laboris nisi ut aliquip ex ea commodo consequat. Duis aute irure dolor in reprehenderit in voluptate velit esse cillum dolore eu fugiat nulla pariatur. Excepteur sint occaecat cupidatat non proident, sunt in culpa qui officia deserunt mollit anim id est laborum.',NULL,'2015-11-28 23:46:15','2015-11-28 23:49:52',NULL,'1-1-lorem-ipsum-dolor-sit-amet-consectetur-adipisicing-elit'),(4,1,'2 Lorem ipsum dolor sit amet, consectetur adipisicing elit.',1,'2Lorem ipsum dolor sit amet, consectetur adipisicing elit, sed do eiusmod tempor incididunt ut labore et dolore magna aliqua. Ut enim ad minim veniam, quis nostrud exercitation ullamco laboris nisi ut aliquip ex ea commodo consequat. Duis aute irure dolor in reprehenderit in voluptate velit esse cillum dolore eu fugiat nulla pariatur. Excepteur sint occaecat cupidatat non proident, sunt in culpa qui officia deserunt mollit anim id est laborum.',NULL,'2015-11-28 23:46:15','2015-11-28 23:46:15',NULL,'2-2-lorem-ipsum-dolor-sit-amet-consectetur-adipisicing-elit'),(5,1,'3 Lorem ipsum dolor sit amet, consectetur adipisicing elit.',1,'3Lorem ipsum dolor sit amet, consectetur adipisicing elit, sed do eiusmod tempor incididunt ut labore et dolore magna aliqua. Ut enim ad minim veniam, quis nostrud exercitation ullamco laboris nisi ut aliquip ex ea commodo consequat. Duis aute irure dolor in reprehenderit in voluptate velit esse cillum dolore eu fugiat nulla pariatur. Excepteur sint occaecat cupidatat non proident, sunt in culpa qui officia deserunt mollit anim id est laborum.',NULL,'2015-11-28 23:46:15','2015-11-28 23:46:15',NULL,'3-3-lorem-ipsum-dolor-sit-amet-consectetur-adipisicing-elit'),(7,1,'5 Lorem ipsum dolor sit amet, consectetur adipisicing elit.',1,'5Lorem ipsum dolor sit amet, consectetur adipisicing elit, sed do eiusmod tempor incididunt ut labore et dolore magna aliqua. Ut enim ad minim veniam, quis nostrud exercitation ullamco laboris nisi ut aliquip ex ea commodo consequat. Duis aute irure dolor in reprehenderit in voluptate velit esse cillum dolore eu fugiat nulla pariatur. Excepteur sint occaecat cupidatat non proident, sunt in culpa qui officia deserunt mollit anim id est laborum.',NULL,'2015-11-28 23:46:15','2015-11-28 23:46:15',NULL,'5-5-lorem-ipsum-dolor-sit-amet-consectetur-adipisicing-elit'),(8,1,'6 Lorem ipsum dolor sit amet, consectetur adipisicing elit.',1,'6Lorem ipsum dolor sit amet, consectetur adipisicing elit, sed do eiusmod tempor incididunt ut labore et dolore magna aliqua. Ut enim ad minim veniam, quis nostrud exercitation ullamco laboris nisi ut aliquip ex ea commodo consequat. Duis aute irure dolor in reprehenderit in voluptate velit esse cillum dolore eu fugiat nulla pariatur. Excepteur sint occaecat cupidatat non proident, sunt in culpa qui officia deserunt mollit anim id est laborum.',NULL,'2015-11-28 23:46:15','2015-11-28 23:46:15',NULL,'6-6-lorem-ipsum-dolor-sit-amet-consectetur-adipisicing-elit'),(9,1,'7 Lorem ipsum dolor sit amet, consectetur adipisicing elit.',1,'7Lorem ipsum dolor sit amet, consectetur adipisicing elit, sed do eiusmod tempor incididunt ut labore et dolore magna aliqua. Ut enim ad minim veniam, quis nostrud exercitation ullamco laboris nisi ut aliquip ex ea commodo consequat. Duis aute irure dolor in reprehenderit in voluptate velit esse cillum dolore eu fugiat nulla pariatur. Excepteur sint occaecat cupidatat non proident, sunt in culpa qui officia deserunt mollit anim id est laborum.',NULL,'2015-11-28 23:46:15','2015-11-28 23:46:15',NULL,'7-7-lorem-ipsum-dolor-sit-amet-consectetur-adipisicing-elit'),(10,1,'8 Lorem ipsum dolor sit amet, consectetur adipisicing elit.',1,'8Lorem ipsum dolor sit amet, consectetur adipisicing elit, sed do eiusmod tempor incididunt ut labore et dolore magna aliqua. Ut enim ad minim veniam, quis nostrud exercitation ullamco laboris nisi ut aliquip ex ea commodo consequat. Duis aute irure dolor in reprehenderit in voluptate velit esse cillum dolore eu fugiat nulla pariatur. Excepteur sint occaecat cupidatat non proident, sunt in culpa qui officia deserunt mollit anim id est laborum.',NULL,'2015-11-28 23:46:15','2015-11-28 23:46:15',NULL,'8-8-lorem-ipsum-dolor-sit-amet-consectetur-adipisicing-elit'),(11,1,'9 Lorem ipsum dolor sit amet, consectetur adipisicing elit.',1,'9Lorem ipsum dolor sit amet, consectetur adipisicing elit, sed do eiusmod tempor incididunt ut labore et dolore magna aliqua. Ut enim ad minim veniam, quis nostrud exercitation ullamco laboris nisi ut aliquip ex ea commodo consequat. Duis aute irure dolor in reprehenderit in voluptate velit esse cillum dolore eu fugiat nulla pariatur. Excepteur sint occaecat cupidatat non proident, sunt in culpa qui officia deserunt mollit anim id est laborum.',NULL,'2015-11-28 23:46:15','2015-11-28 23:46:15',NULL,'9-9-lorem-ipsum-dolor-sit-amet-consectetur-adipisicing-elit'),(12,1,'10 Lorem ipsum dolor sit amet, consectetur adipisicing elit.',1,'10Lorem ipsum dolor sit amet, consectetur adipisicing elit, sed do eiusmod tempor incididunt ut labore et dolore magna aliqua. Ut enim ad minim veniam, quis nostrud exercitation ullamco laboris nisi ut aliquip ex ea commodo consequat. Duis aute irure dolor in reprehenderit in voluptate velit esse cillum dolore eu fugiat nulla pariatur. Excepteur sint occaecat cupidatat non proident, sunt in culpa qui officia deserunt mollit anim id est laborum.',NULL,'2015-11-28 23:46:15','2015-11-28 23:46:15',NULL,'10-10-lorem-ipsum-dolor-sit-amet-consectetur-adipisicing-elit'),(13,1,'11 Lorem ipsum dolor sit amet, consectetur adipisicing elit.',1,'11Lorem ipsum dolor sit amet, consectetur adipisicing elit, sed do eiusmod tempor incididunt ut labore et dolore magna aliqua. Ut enim ad minim veniam, quis nostrud exercitation ullamco laboris nisi ut aliquip ex ea commodo consequat. Duis aute irure dolor in reprehenderit in voluptate velit esse cillum dolore eu fugiat nulla pariatur. Excepteur sint occaecat cupidatat non proident, sunt in culpa qui officia deserunt mollit anim id est laborum.',NULL,'2015-11-28 23:46:15','2015-11-28 23:46:15',NULL,'11-11-lorem-ipsum-dolor-sit-amet-consectetur-adipisicing-elit'),(14,1,'12 Lorem ipsum dolor sit amet, consectetur adipisicing elit.',1,'12Lorem ipsum dolor sit amet, consectetur adipisicing elit, sed do eiusmod tempor incididunt ut labore et dolore magna aliqua. Ut enim ad minim veniam, quis nostrud exercitation ullamco laboris nisi ut aliquip ex ea commodo consequat. Duis aute irure dolor in reprehenderit in voluptate velit esse cillum dolore eu fugiat nulla pariatur. Excepteur sint occaecat cupidatat non proident, sunt in culpa qui officia deserunt mollit anim id est laborum.',NULL,'2015-11-28 23:46:15','2015-11-28 23:46:15',NULL,'12-12-lorem-ipsum-dolor-sit-amet-consectetur-adipisicing-elit'),(15,1,'13 Lorem ipsum dolor sit amet, consectetur adipisicing elit.',1,'13Lorem ipsum dolor sit amet, consectetur adipisicing elit, sed do eiusmod tempor incididunt ut labore et dolore magna aliqua. Ut enim ad minim veniam, quis nostrud exercitation ullamco laboris nisi ut aliquip ex ea commodo consequat. Duis aute irure dolor in reprehenderit in voluptate velit esse cillum dolore eu fugiat nulla pariatur. Excepteur sint occaecat cupidatat non proident, sunt in culpa qui officia deserunt mollit anim id est laborum.',NULL,'2015-11-28 23:46:15','2015-11-28 23:46:15',NULL,'13-13-lorem-ipsum-dolor-sit-amet-consectetur-adipisicing-elit'),(16,1,'14 Lorem ipsum dolor sit amet, consectetur adipisicing elit.',1,'14Lorem ipsum dolor sit amet, consectetur adipisicing elit, sed do eiusmod tempor incididunt ut labore et dolore magna aliqua. Ut enim ad minim veniam, quis nostrud exercitation ullamco laboris nisi ut aliquip ex ea commodo consequat. Duis aute irure dolor in reprehenderit in voluptate velit esse cillum dolore eu fugiat nulla pariatur. Excepteur sint occaecat cupidatat non proident, sunt in culpa qui officia deserunt mollit anim id est laborum.',NULL,'2015-11-28 23:46:15','2015-11-28 23:46:15',NULL,'14-14-lorem-ipsum-dolor-sit-amet-consectetur-adipisicing-elit'),(17,1,'15 Lorem ipsum dolor sit amet, consectetur adipisicing elit.',1,'15Lorem ipsum dolor sit amet, consectetur adipisicing elit, sed do eiusmod tempor incididunt ut labore et dolore magna aliqua. Ut enim ad minim veniam, quis nostrud exercitation ullamco laboris nisi ut aliquip ex ea commodo consequat. Duis aute irure dolor in reprehenderit in voluptate velit esse cillum dolore eu fugiat nulla pariatur. Excepteur sint occaecat cupidatat non proident, sunt in culpa qui officia deserunt mollit anim id est laborum.',NULL,'2015-11-28 23:46:15','2015-11-28 23:46:15',NULL,'15-15-lorem-ipsum-dolor-sit-amet-consectetur-adipisicing-elit'),(18,1,'16 Lorem ipsum dolor sit amet, consectetur adipisicing elit.',1,'16Lorem ipsum dolor sit amet, consectetur adipisicing elit, sed do eiusmod tempor incididunt ut labore et dolore magna aliqua. Ut enim ad minim veniam, quis nostrud exercitation ullamco laboris nisi ut aliquip ex ea commodo consequat. Duis aute irure dolor in reprehenderit in voluptate velit esse cillum dolore eu fugiat nulla pariatur. Excepteur sint occaecat cupidatat non proident, sunt in culpa qui officia deserunt mollit anim id est laborum.',NULL,'2015-11-28 23:46:15','2015-11-28 23:46:15',NULL,'16-16-lorem-ipsum-dolor-sit-amet-consectetur-adipisicing-elit'),(19,1,'17 Lorem ipsum dolor sit amet, consectetur adipisicing elit.',1,'17Lorem ipsum dolor sit amet, consectetur adipisicing elit, sed do eiusmod tempor incididunt ut labore et dolore magna aliqua. Ut enim ad minim veniam, quis nostrud exercitation ullamco laboris nisi ut aliquip ex ea commodo consequat. Duis aute irure dolor in reprehenderit in voluptate velit esse cillum dolore eu fugiat nulla pariatur. Excepteur sint occaecat cupidatat non proident, sunt in culpa qui officia deserunt mollit anim id est laborum.',NULL,'2015-11-28 23:46:15','2015-11-28 23:46:15',NULL,'17-17-lorem-ipsum-dolor-sit-amet-consectetur-adipisicing-elit'),(20,1,'18 Lorem ipsum dolor sit amet, consectetur adipisicing elit.',1,'18Lorem ipsum dolor sit amet, consectetur adipisicing elit, sed do eiusmod tempor incididunt ut labore et dolore magna aliqua. Ut enim ad minim veniam, quis nostrud exercitation ullamco laboris nisi ut aliquip ex ea commodo consequat. Duis aute irure dolor in reprehenderit in voluptate velit esse cillum dolore eu fugiat nulla pariatur. Excepteur sint occaecat cupidatat non proident, sunt in culpa qui officia deserunt mollit anim id est laborum.',NULL,'2015-11-28 23:46:15','2015-11-28 23:46:15',NULL,'18-18-lorem-ipsum-dolor-sit-amet-consectetur-adipisicing-elit'),(21,1,'19 Lorem ipsum dolor sit amet, consectetur adipisicing elit.',1,'19Lorem ipsum dolor sit amet, consectetur adipisicing elit, sed do eiusmod tempor incididunt ut labore et dolore magna aliqua. Ut enim ad minim veniam, quis nostrud exercitation ullamco laboris nisi ut aliquip ex ea commodo consequat. Duis aute irure dolor in reprehenderit in voluptate velit esse cillum dolore eu fugiat nulla pariatur. Excepteur sint occaecat cupidatat non proident, sunt in culpa qui officia deserunt mollit anim id est laborum.',NULL,'2015-11-28 23:46:15','2015-11-28 23:46:15',NULL,'19-19-lorem-ipsum-dolor-sit-amet-consectetur-adipisicing-elit'),(22,1,'20 Lorem ipsum dolor sit amet, consectetur adipisicing elit.',1,'20Lorem ipsum dolor sit amet, consectetur adipisicing elit, sed do eiusmod tempor incididunt ut labore et dolore magna aliqua. Ut enim ad minim veniam, quis nostrud exercitation ullamco laboris nisi ut aliquip ex ea commodo consequat. Duis aute irure dolor in reprehenderit in voluptate velit esse cillum dolore eu fugiat nulla pariatur. Excepteur sint occaecat cupidatat non proident, sunt in culpa qui officia deserunt mollit anim id est laborum.',NULL,'2015-11-28 23:46:15','2015-11-28 23:46:15',NULL,'20-20-lorem-ipsum-dolor-sit-amet-consectetur-adipisicing-elit'),(23,1,'21 Lorem ipsum dolor sit amet, consectetur adipisicing elit.',1,'21Lorem ipsum dolor sit amet, consectetur adipisicing elit, sed do eiusmod tempor incididunt ut labore et dolore magna aliqua. Ut enim ad minim veniam, quis nostrud exercitation ullamco laboris nisi ut aliquip ex ea commodo consequat. Duis aute irure dolor in reprehenderit in voluptate velit esse cillum dolore eu fugiat nulla pariatur. Excepteur sint occaecat cupidatat non proident, sunt in culpa qui officia deserunt mollit anim id est laborum.',NULL,'2015-11-28 23:46:15','2015-11-28 23:46:15',NULL,'21-21-lorem-ipsum-dolor-sit-amet-consectetur-adipisicing-elit'),(24,1,'22 Lorem ipsum dolor sit amet, consectetur adipisicing elit.',1,'22Lorem ipsum dolor sit amet, consectetur adipisicing elit, sed do eiusmod tempor incididunt ut labore et dolore magna aliqua. Ut enim ad minim veniam, quis nostrud exercitation ullamco laboris nisi ut aliquip ex ea commodo consequat. Duis aute irure dolor in reprehenderit in voluptate velit esse cillum dolore eu fugiat nulla pariatur. Excepteur sint occaecat cupidatat non proident, sunt in culpa qui officia deserunt mollit anim id est laborum.',NULL,'2015-11-28 23:46:15','2015-11-28 23:46:15',NULL,'22-22-lorem-ipsum-dolor-sit-amet-consectetur-adipisicing-elit'),(25,1,'23 Lorem ipsum dolor sit amet, consectetur adipisicing elit.',1,'23Lorem ipsum dolor sit amet, consectetur adipisicing elit, sed do eiusmod tempor incididunt ut labore et dolore magna aliqua. Ut enim ad minim veniam, quis nostrud exercitation ullamco laboris nisi ut aliquip ex ea commodo consequat. Duis aute irure dolor in reprehenderit in voluptate velit esse cillum dolore eu fugiat nulla pariatur. Excepteur sint occaecat cupidatat non proident, sunt in culpa qui officia deserunt mollit anim id est laborum.',NULL,'2015-11-28 23:46:16','2015-11-28 23:46:16',NULL,'23-23-lorem-ipsum-dolor-sit-amet-consectetur-adipisicing-elit'),(26,1,'24 Lorem ipsum dolor sit amet, consectetur adipisicing elit.',1,'24Lorem ipsum dolor sit amet, consectetur adipisicing elit, sed do eiusmod tempor incididunt ut labore et dolore magna aliqua. Ut enim ad minim veniam, quis nostrud exercitation ullamco laboris nisi ut aliquip ex ea commodo consequat. Duis aute irure dolor in reprehenderit in voluptate velit esse cillum dolore eu fugiat nulla pariatur. Excepteur sint occaecat cupidatat non proident, sunt in culpa qui officia deserunt mollit anim id est laborum.',NULL,'2015-11-28 23:46:16','2015-11-28 23:46:16',NULL,'24-24-lorem-ipsum-dolor-sit-amet-consectetur-adipisicing-elit'),(27,1,'25 Lorem ipsum dolor sit amet, consectetur adipisicing elit.',1,'25Lorem ipsum dolor sit amet, consectetur adipisicing elit, sed do eiusmod tempor incididunt ut labore et dolore magna aliqua. Ut enim ad minim veniam, quis nostrud exercitation ullamco laboris nisi ut aliquip ex ea commodo consequat. Duis aute irure dolor in reprehenderit in voluptate velit esse cillum dolore eu fugiat nulla pariatur. Excepteur sint occaecat cupidatat non proident, sunt in culpa qui officia deserunt mollit anim id est laborum.',NULL,'2015-11-28 23:46:16','2015-11-28 23:46:16',NULL,'25-25-lorem-ipsum-dolor-sit-amet-consectetur-adipisicing-elit'),(28,1,'26 Lorem ipsum dolor sit amet, consectetur adipisicing elit.',1,'26Lorem ipsum dolor sit amet, consectetur adipisicing elit, sed do eiusmod tempor incididunt ut labore et dolore magna aliqua. Ut enim ad minim veniam, quis nostrud exercitation ullamco laboris nisi ut aliquip ex ea commodo consequat. Duis aute irure dolor in reprehenderit in voluptate velit esse cillum dolore eu fugiat nulla pariatur. Excepteur sint occaecat cupidatat non proident, sunt in culpa qui officia deserunt mollit anim id est laborum.',NULL,'2015-11-28 23:46:16','2015-11-28 23:46:16',NULL,'26-26-lorem-ipsum-dolor-sit-amet-consectetur-adipisicing-elit'),(29,1,'27 Lorem ipsum dolor sit amet, consectetur adipisicing elit.',1,'27Lorem ipsum dolor sit amet, consectetur adipisicing elit, sed do eiusmod tempor incididunt ut labore et dolore magna aliqua. Ut enim ad minim veniam, quis nostrud exercitation ullamco laboris nisi ut aliquip ex ea commodo consequat. Duis aute irure dolor in reprehenderit in voluptate velit esse cillum dolore eu fugiat nulla pariatur. Excepteur sint occaecat cupidatat non proident, sunt in culpa qui officia deserunt mollit anim id est laborum.',NULL,'2015-11-28 23:46:16','2015-11-28 23:46:16',NULL,'27-27-lorem-ipsum-dolor-sit-amet-consectetur-adipisicing-elit'),(30,1,'28 Lorem ipsum dolor sit amet, consectetur adipisicing elit.',1,'28Lorem ipsum dolor sit amet, consectetur adipisicing elit, sed do eiusmod tempor incididunt ut labore et dolore magna aliqua. Ut enim ad minim veniam, quis nostrud exercitation ullamco laboris nisi ut aliquip ex ea commodo consequat. Duis aute irure dolor in reprehenderit in voluptate velit esse cillum dolore eu fugiat nulla pariatur. Excepteur sint occaecat cupidatat non proident, sunt in culpa qui officia deserunt mollit anim id est laborum.',NULL,'2015-11-28 23:46:16','2015-11-28 23:46:16',NULL,'28-28-lorem-ipsum-dolor-sit-amet-consectetur-adipisicing-elit'),(32,1,'30 Lorem ipsum dolor sit amet, consectetur adipisicing elit.',1,'30Lorem ipsum dolor sit amet, consectetur adipisicing elit, sed do eiusmod tempor incididunt ut labore et dolore magna aliqua. Ut enim ad minim veniam, quis nostrud exercitation ullamco laboris nisi ut aliquip ex ea commodo consequat. Duis aute irure dolor in reprehenderit in voluptate velit esse cillum dolore eu fugiat nulla pariatur. Excepteur sint occaecat cupidatat non proident, sunt in culpa qui officia deserunt mollit anim id est laborum.',NULL,'2015-11-28 23:46:16','2015-11-28 23:46:16',NULL,'30-30-lorem-ipsum-dolor-sit-amet-consectetur-adipisicing-elit'),(33,1,'31 Lorem ipsum dolor sit amet, consectetur adipisicing elit.',1,'31Lorem ipsum dolor sit amet, consectetur adipisicing elit, sed do eiusmod tempor incididunt ut labore et dolore magna aliqua. Ut enim ad minim veniam, quis nostrud exercitation ullamco laboris nisi ut aliquip ex ea commodo consequat. Duis aute irure dolor in reprehenderit in voluptate velit esse cillum dolore eu fugiat nulla pariatur. Excepteur sint occaecat cupidatat non proident, sunt in culpa qui officia deserunt mollit anim id est laborum.',NULL,'2015-11-28 23:46:16','2015-11-28 23:46:16',NULL,'31-31-lorem-ipsum-dolor-sit-amet-consectetur-adipisicing-elit'),(34,1,'32 Lorem ipsum dolor sit amet, consectetur adipisicing elit.',1,'32Lorem ipsum dolor sit amet, consectetur adipisicing elit, sed do eiusmod tempor incididunt ut labore et dolore magna aliqua. Ut enim ad minim veniam, quis nostrud exercitation ullamco laboris nisi ut aliquip ex ea commodo consequat. Duis aute irure dolor in reprehenderit in voluptate velit esse cillum dolore eu fugiat nulla pariatur. Excepteur sint occaecat cupidatat non proident, sunt in culpa qui officia deserunt mollit anim id est laborum.',NULL,'2015-11-28 23:46:16','2015-11-28 23:46:16',NULL,'32-32-lorem-ipsum-dolor-sit-amet-consectetur-adipisicing-elit'),(35,1,'33 Lorem ipsum dolor sit amet, consectetur adipisicing elit.',1,'33Lorem ipsum dolor sit amet, consectetur adipisicing elit, sed do eiusmod tempor incididunt ut labore et dolore magna aliqua. Ut enim ad minim veniam, quis nostrud exercitation ullamco laboris nisi ut aliquip ex ea commodo consequat. Duis aute irure dolor in reprehenderit in voluptate velit esse cillum dolore eu fugiat nulla pariatur. Excepteur sint occaecat cupidatat non proident, sunt in culpa qui officia deserunt mollit anim id est laborum.',NULL,'2015-11-28 23:46:16','2015-11-28 23:46:16',NULL,'33-33-lorem-ipsum-dolor-sit-amet-consectetur-adipisicing-elit'),(36,1,'34 Lorem ipsum dolor sit amet, consectetur adipisicing elit.',1,'34Lorem ipsum dolor sit amet, consectetur adipisicing elit, sed do eiusmod tempor incididunt ut labore et dolore magna aliqua. Ut enim ad minim veniam, quis nostrud exercitation ullamco laboris nisi ut aliquip ex ea commodo consequat. Duis aute irure dolor in reprehenderit in voluptate velit esse cillum dolore eu fugiat nulla pariatur. Excepteur sint occaecat cupidatat non proident, sunt in culpa qui officia deserunt mollit anim id est laborum.',NULL,'2015-11-28 23:46:16','2015-11-28 23:46:16',NULL,'34-34-lorem-ipsum-dolor-sit-amet-consectetur-adipisicing-elit'),(37,1,'35 Lorem ipsum dolor sit amet, consectetur adipisicing elit.',1,'35Lorem ipsum dolor sit amet, consectetur adipisicing elit, sed do eiusmod tempor incididunt ut labore et dolore magna aliqua. Ut enim ad minim veniam, quis nostrud exercitation ullamco laboris nisi ut aliquip ex ea commodo consequat. Duis aute irure dolor in reprehenderit in voluptate velit esse cillum dolore eu fugiat nulla pariatur. Excepteur sint occaecat cupidatat non proident, sunt in culpa qui officia deserunt mollit anim id est laborum.',NULL,'2015-11-28 23:46:16','2015-11-28 23:46:16',NULL,'35-35-lorem-ipsum-dolor-sit-amet-consectetur-adipisicing-elit'),(38,1,'36 Lorem ipsum dolor sit amet, consectetur adipisicing elit.',1,'36Lorem ipsum dolor sit amet, consectetur adipisicing elit, sed do eiusmod tempor incididunt ut labore et dolore magna aliqua. Ut enim ad minim veniam, quis nostrud exercitation ullamco laboris nisi ut aliquip ex ea commodo consequat. Duis aute irure dolor in reprehenderit in voluptate velit esse cillum dolore eu fugiat nulla pariatur. Excepteur sint occaecat cupidatat non proident, sunt in culpa qui officia deserunt mollit anim id est laborum.',NULL,'2015-11-28 23:46:16','2015-11-28 23:46:16',NULL,'36-36-lorem-ipsum-dolor-sit-amet-consectetur-adipisicing-elit'),(39,1,'37 Lorem ipsum dolor sit amet, consectetur adipisicing elit.',1,'37Lorem ipsum dolor sit amet, consectetur adipisicing elit, sed do eiusmod tempor incididunt ut labore et dolore magna aliqua. Ut enim ad minim veniam, quis nostrud exercitation ullamco laboris nisi ut aliquip ex ea commodo consequat. Duis aute irure dolor in reprehenderit in voluptate velit esse cillum dolore eu fugiat nulla pariatur. Excepteur sint occaecat cupidatat non proident, sunt in culpa qui officia deserunt mollit anim id est laborum.',NULL,'2015-11-28 23:46:16','2015-11-28 23:46:16',NULL,'37-37-lorem-ipsum-dolor-sit-amet-consectetur-adipisicing-elit'),(40,1,'38 Lorem ipsum dolor sit amet, consectetur adipisicing elit.',1,'38Lorem ipsum dolor sit amet, consectetur adipisicing elit, sed do eiusmod tempor incididunt ut labore et dolore magna aliqua. Ut enim ad minim veniam, quis nostrud exercitation ullamco laboris nisi ut aliquip ex ea commodo consequat. Duis aute irure dolor in reprehenderit in voluptate velit esse cillum dolore eu fugiat nulla pariatur. Excepteur sint occaecat cupidatat non proident, sunt in culpa qui officia deserunt mollit anim id est laborum.',NULL,'2015-11-28 23:46:16','2015-11-28 23:46:16',NULL,'38-38-lorem-ipsum-dolor-sit-amet-consectetur-adipisicing-elit'),(41,1,'39 Lorem ipsum dolor sit amet, consectetur adipisicing elit.',1,'39Lorem ipsum dolor sit amet, consectetur adipisicing elit, sed do eiusmod tempor incididunt ut labore et dolore magna aliqua. Ut enim ad minim veniam, quis nostrud exercitation ullamco laboris nisi ut aliquip ex ea commodo consequat. Duis aute irure dolor in reprehenderit in voluptate velit esse cillum dolore eu fugiat nulla pariatur. Excepteur sint occaecat cupidatat non proident, sunt in culpa qui officia deserunt mollit anim id est laborum.',NULL,'2015-11-28 23:46:16','2015-11-28 23:46:16',NULL,'39-39-lorem-ipsum-dolor-sit-amet-consectetur-adipisicing-elit'),(42,1,'40 Lorem ipsum dolor sit amet, consectetur adipisicing elit.',1,'40Lorem ipsum dolor sit amet, consectetur adipisicing elit, sed do eiusmod tempor incididunt ut labore et dolore magna aliqua. Ut enim ad minim veniam, quis nostrud exercitation ullamco laboris nisi ut aliquip ex ea commodo consequat. Duis aute irure dolor in reprehenderit in voluptate velit esse cillum dolore eu fugiat nulla pariatur. Excepteur sint occaecat cupidatat non proident, sunt in culpa qui officia deserunt mollit anim id est laborum.',NULL,'2015-11-28 23:46:16','2015-11-28 23:46:16',NULL,'40-40-lorem-ipsum-dolor-sit-amet-consectetur-adipisicing-elit'),(43,1,'41 Lorem ipsum dolor sit amet, consectetur adipisicing elit.',1,'41Lorem ipsum dolor sit amet, consectetur adipisicing elit, sed do eiusmod tempor incididunt ut labore et dolore magna aliqua. Ut enim ad minim veniam, quis nostrud exercitation ullamco laboris nisi ut aliquip ex ea commodo consequat. Duis aute irure dolor in reprehenderit in voluptate velit esse cillum dolore eu fugiat nulla pariatur. Excepteur sint occaecat cupidatat non proident, sunt in culpa qui officia deserunt mollit anim id est laborum.',NULL,'2015-11-28 23:46:16','2015-11-28 23:46:16',NULL,'41-41-lorem-ipsum-dolor-sit-amet-consectetur-adipisicing-elit'),(44,1,'42 Lorem ipsum dolor sit amet, consectetur adipisicing elit.',1,'42Lorem ipsum dolor sit amet, consectetur adipisicing elit, sed do eiusmod tempor incididunt ut labore et dolore magna aliqua. Ut enim ad minim veniam, quis nostrud exercitation ullamco laboris nisi ut aliquip ex ea commodo consequat. Duis aute irure dolor in reprehenderit in voluptate velit esse cillum dolore eu fugiat nulla pariatur. Excepteur sint occaecat cupidatat non proident, sunt in culpa qui officia deserunt mollit anim id est laborum.',NULL,'2015-11-28 23:46:16','2015-11-28 23:46:16',NULL,'42-42-lorem-ipsum-dolor-sit-amet-consectetur-adipisicing-elit'),(45,1,'43 Lorem ipsum dolor sit amet, consectetur adipisicing elit.',1,'43Lorem ipsum dolor sit amet, consectetur adipisicing elit, sed do eiusmod tempor incididunt ut labore et dolore magna aliqua. Ut enim ad minim veniam, quis nostrud exercitation ullamco laboris nisi ut aliquip ex ea commodo consequat. Duis aute irure dolor in reprehenderit in voluptate velit esse cillum dolore eu fugiat nulla pariatur. Excepteur sint occaecat cupidatat non proident, sunt in culpa qui officia deserunt mollit anim id est laborum.',NULL,'2015-11-28 23:46:16','2015-11-28 23:46:16',NULL,'43-43-lorem-ipsum-dolor-sit-amet-consectetur-adipisicing-elit'),(46,1,'44 Lorem ipsum dolor sit amet, consectetur adipisicing elit.',1,'44Lorem ipsum dolor sit amet, consectetur adipisicing elit, sed do eiusmod tempor incididunt ut labore et dolore magna aliqua. Ut enim ad minim veniam, quis nostrud exercitation ullamco laboris nisi ut aliquip ex ea commodo consequat. Duis aute irure dolor in reprehenderit in voluptate velit esse cillum dolore eu fugiat nulla pariatur. Excepteur sint occaecat cupidatat non proident, sunt in culpa qui officia deserunt mollit anim id est laborum.',NULL,'2015-11-28 23:46:16','2015-11-28 23:46:16',NULL,'44-44-lorem-ipsum-dolor-sit-amet-consectetur-adipisicing-elit'),(47,1,'45 Lorem ipsum dolor sit amet, consectetur adipisicing elit.',1,'45Lorem ipsum dolor sit amet, consectetur adipisicing elit, sed do eiusmod tempor incididunt ut labore et dolore magna aliqua. Ut enim ad minim veniam, quis nostrud exercitation ullamco laboris nisi ut aliquip ex ea commodo consequat. Duis aute irure dolor in reprehenderit in voluptate velit esse cillum dolore eu fugiat nulla pariatur. Excepteur sint occaecat cupidatat non proident, sunt in culpa qui officia deserunt mollit anim id est laborum.',NULL,'2015-11-28 23:46:16','2015-11-28 23:46:16',NULL,'45-45-lorem-ipsum-dolor-sit-amet-consectetur-adipisicing-elit'),(48,1,'46 Lorem ipsum dolor sit amet, consectetur adipisicing elit.',1,'46Lorem ipsum dolor sit amet, consectetur adipisicing elit, sed do eiusmod tempor incididunt ut labore et dolore magna aliqua. Ut enim ad minim veniam, quis nostrud exercitation ullamco laboris nisi ut aliquip ex ea commodo consequat. Duis aute irure dolor in reprehenderit in voluptate velit esse cillum dolore eu fugiat nulla pariatur. Excepteur sint occaecat cupidatat non proident, sunt in culpa qui officia deserunt mollit anim id est laborum.',NULL,'2015-11-28 23:46:16','2015-11-28 23:46:16',NULL,'46-46-lorem-ipsum-dolor-sit-amet-consectetur-adipisicing-elit'),(49,1,'47 Lorem ipsum dolor sit amet, consectetur adipisicing elit.',1,'47Lorem ipsum dolor sit amet, consectetur adipisicing elit, sed do eiusmod tempor incididunt ut labore et dolore magna aliqua. Ut enim ad minim veniam, quis nostrud exercitation ullamco laboris nisi ut aliquip ex ea commodo consequat. Duis aute irure dolor in reprehenderit in voluptate velit esse cillum dolore eu fugiat nulla pariatur. Excepteur sint occaecat cupidatat non proident, sunt in culpa qui officia deserunt mollit anim id est laborum.',NULL,'2015-11-28 23:46:16','2015-11-28 23:46:16',NULL,'47-47-lorem-ipsum-dolor-sit-amet-consectetur-adipisicing-elit'),(50,1,'48 Lorem ipsum dolor sit amet, consectetur adipisicing elit.',1,'48Lorem ipsum dolor sit amet, consectetur adipisicing elit, sed do eiusmod tempor incididunt ut labore et dolore magna aliqua. Ut enim ad minim veniam, quis nostrud exercitation ullamco laboris nisi ut aliquip ex ea commodo consequat. Duis aute irure dolor in reprehenderit in voluptate velit esse cillum dolore eu fugiat nulla pariatur. Excepteur sint occaecat cupidatat non proident, sunt in culpa qui officia deserunt mollit anim id est laborum.',NULL,'2015-11-28 23:46:16','2015-11-28 23:46:16',NULL,'48-48-lorem-ipsum-dolor-sit-amet-consectetur-adipisicing-elit'),(51,1,'49 Lorem ipsum dolor sit amet, consectetur adipisicing elit.',1,'49Lorem ipsum dolor sit amet, consectetur adipisicing elit, sed do eiusmod tempor incididunt ut labore et dolore magna aliqua. Ut enim ad minim veniam, quis nostrud exercitation ullamco laboris nisi ut aliquip ex ea commodo consequat. Duis aute irure dolor in reprehenderit in voluptate velit esse cillum dolore eu fugiat nulla pariatur. Excepteur sint occaecat cupidatat non proident, sunt in culpa qui officia deserunt mollit anim id est laborum.',NULL,'2015-11-28 23:46:16','2015-11-28 23:46:16',NULL,'49-49-lorem-ipsum-dolor-sit-amet-consectetur-adipisicing-elit'),(52,1,'50 Lorem ipsum dolor sit amet, consectetur adipisicing elit.',1,'50Lorem ipsum dolor sit amet, consectetur adipisicing elit, sed do eiusmod tempor incididunt ut labore et dolore magna aliqua. Ut enim ad minim veniam, quis nostrud exercitation ullamco laboris nisi ut aliquip ex ea commodo consequat. Duis aute irure dolor in reprehenderit in voluptate velit esse cillum dolore eu fugiat nulla pariatur. Excepteur sint occaecat cupidatat non proident, sunt in culpa qui officia deserunt mollit anim id est laborum.',NULL,'2015-11-28 23:46:16','2015-11-28 23:46:16',NULL,'50-50-lorem-ipsum-dolor-sit-amet-consectetur-adipisicing-elit'),(53,1,'51 Lorem ipsum dolor sit amet, consectetur adipisicing elit.',1,'51Lorem ipsum dolor sit amet, consectetur adipisicing elit, sed do eiusmod tempor incididunt ut labore et dolore magna aliqua. Ut enim ad minim veniam, quis nostrud exercitation ullamco laboris nisi ut aliquip ex ea commodo consequat. Duis aute irure dolor in reprehenderit in voluptate velit esse cillum dolore eu fugiat nulla pariatur. Excepteur sint occaecat cupidatat non proident, sunt in culpa qui officia deserunt mollit anim id est laborum.',NULL,'2015-11-28 23:46:16','2015-11-28 23:46:16',NULL,'51-51-lorem-ipsum-dolor-sit-amet-consectetur-adipisicing-elit'),(54,1,'52 Lorem ipsum dolor sit amet, consectetur adipisicing elit.',1,'52Lorem ipsum dolor sit amet, consectetur adipisicing elit, sed do eiusmod tempor incididunt ut labore et dolore magna aliqua. Ut enim ad minim veniam, quis nostrud exercitation ullamco laboris nisi ut aliquip ex ea commodo consequat. Duis aute irure dolor in reprehenderit in voluptate velit esse cillum dolore eu fugiat nulla pariatur. Excepteur sint occaecat cupidatat non proident, sunt in culpa qui officia deserunt mollit anim id est laborum.',NULL,'2015-11-28 23:46:16','2015-11-28 23:46:16',NULL,'52-52-lorem-ipsum-dolor-sit-amet-consectetur-adipisicing-elit'),(55,1,'53 Lorem ipsum dolor sit amet, consectetur adipisicing elit.',1,'53Lorem ipsum dolor sit amet, consectetur adipisicing elit, sed do eiusmod tempor incididunt ut labore et dolore magna aliqua. Ut enim ad minim veniam, quis nostrud exercitation ullamco laboris nisi ut aliquip ex ea commodo consequat. Duis aute irure dolor in reprehenderit in voluptate velit esse cillum dolore eu fugiat nulla pariatur. Excepteur sint occaecat cupidatat non proident, sunt in culpa qui officia deserunt mollit anim id est laborum.',NULL,'2015-11-28 23:46:16','2015-11-28 23:46:16',NULL,'53-53-lorem-ipsum-dolor-sit-amet-consectetur-adipisicing-elit'),(56,1,'54 Lorem ipsum dolor sit amet, consectetur adipisicing elit.',1,'54Lorem ipsum dolor sit amet, consectetur adipisicing elit, sed do eiusmod tempor incididunt ut labore et dolore magna aliqua. Ut enim ad minim veniam, quis nostrud exercitation ullamco laboris nisi ut aliquip ex ea commodo consequat. Duis aute irure dolor in reprehenderit in voluptate velit esse cillum dolore eu fugiat nulla pariatur. Excepteur sint occaecat cupidatat non proident, sunt in culpa qui officia deserunt mollit anim id est laborum.',NULL,'2015-11-28 23:46:16','2015-11-28 23:46:16',NULL,'54-54-lorem-ipsum-dolor-sit-amet-consectetur-adipisicing-elit'),(57,1,'55 Lorem ipsum dolor sit amet, consectetur adipisicing elit.',1,'55Lorem ipsum dolor sit amet, consectetur adipisicing elit, sed do eiusmod tempor incididunt ut labore et dolore magna aliqua. Ut enim ad minim veniam, quis nostrud exercitation ullamco laboris nisi ut aliquip ex ea commodo consequat. Duis aute irure dolor in reprehenderit in voluptate velit esse cillum dolore eu fugiat nulla pariatur. Excepteur sint occaecat cupidatat non proident, sunt in culpa qui officia deserunt mollit anim id est laborum.',NULL,'2015-11-28 23:46:16','2015-11-28 23:46:16',NULL,'55-55-lorem-ipsum-dolor-sit-amet-consectetur-adipisicing-elit'),(58,1,'56 Lorem ipsum dolor sit amet, consectetur adipisicing elit.',1,'56Lorem ipsum dolor sit amet, consectetur adipisicing elit, sed do eiusmod tempor incididunt ut labore et dolore magna aliqua. Ut enim ad minim veniam, quis nostrud exercitation ullamco laboris nisi ut aliquip ex ea commodo consequat. Duis aute irure dolor in reprehenderit in voluptate velit esse cillum dolore eu fugiat nulla pariatur. Excepteur sint occaecat cupidatat non proident, sunt in culpa qui officia deserunt mollit anim id est laborum.',NULL,'2015-11-28 23:46:16','2015-11-28 23:46:16',NULL,'56-56-lorem-ipsum-dolor-sit-amet-consectetur-adipisicing-elit'),(59,1,'57 Lorem ipsum dolor sit amet, consectetur adipisicing elit.',1,'57Lorem ipsum dolor sit amet, consectetur adipisicing elit, sed do eiusmod tempor incididunt ut labore et dolore magna aliqua. Ut enim ad minim veniam, quis nostrud exercitation ullamco laboris nisi ut aliquip ex ea commodo consequat. Duis aute irure dolor in reprehenderit in voluptate velit esse cillum dolore eu fugiat nulla pariatur. Excepteur sint occaecat cupidatat non proident, sunt in culpa qui officia deserunt mollit anim id est laborum.',NULL,'2015-11-28 23:46:16','2015-11-28 23:46:16',NULL,'57-57-lorem-ipsum-dolor-sit-amet-consectetur-adipisicing-elit'),(60,1,'58 Lorem ipsum dolor sit amet, consectetur adipisicing elit.',1,'58Lorem ipsum dolor sit amet, consectetur adipisicing elit, sed do eiusmod tempor incididunt ut labore et dolore magna aliqua. Ut enim ad minim veniam, quis nostrud exercitation ullamco laboris nisi ut aliquip ex ea commodo consequat. Duis aute irure dolor in reprehenderit in voluptate velit esse cillum dolore eu fugiat nulla pariatur. Excepteur sint occaecat cupidatat non proident, sunt in culpa qui officia deserunt mollit anim id est laborum.',NULL,'2015-11-28 23:46:16','2015-11-28 23:46:16',NULL,'58-58-lorem-ipsum-dolor-sit-amet-consectetur-adipisicing-elit'),(61,1,'59 Lorem ipsum dolor sit amet, consectetur adipisicing elit.',1,'59Lorem ipsum dolor sit amet, consectetur adipisicing elit, sed do eiusmod tempor incididunt ut labore et dolore magna aliqua. Ut enim ad minim veniam, quis nostrud exercitation ullamco laboris nisi ut aliquip ex ea commodo consequat. Duis aute irure dolor in reprehenderit in voluptate velit esse cillum dolore eu fugiat nulla pariatur. Excepteur sint occaecat cupidatat non proident, sunt in culpa qui officia deserunt mollit anim id est laborum.',NULL,'2015-11-28 23:46:16','2015-11-28 23:46:16',NULL,'59-59-lorem-ipsum-dolor-sit-amet-consectetur-adipisicing-elit'),(62,1,'60 Lorem ipsum dolor sit amet, consectetur adipisicing elit.',1,'60Lorem ipsum dolor sit amet, consectetur adipisicing elit, sed do eiusmod tempor incididunt ut labore et dolore magna aliqua. Ut enim ad minim veniam, quis nostrud exercitation ullamco laboris nisi ut aliquip ex ea commodo consequat. Duis aute irure dolor in reprehenderit in voluptate velit esse cillum dolore eu fugiat nulla pariatur. Excepteur sint occaecat cupidatat non proident, sunt in culpa qui officia deserunt mollit anim id est laborum.',NULL,'2015-11-28 23:46:16','2015-11-28 23:46:16',NULL,'60-60-lorem-ipsum-dolor-sit-amet-consectetur-adipisicing-elit'),(63,1,'61 Lorem ipsum dolor sit amet, consectetur adipisicing elit.',1,'61Lorem ipsum dolor sit amet, consectetur adipisicing elit, sed do eiusmod tempor incididunt ut labore et dolore magna aliqua. Ut enim ad minim veniam, quis nostrud exercitation ullamco laboris nisi ut aliquip ex ea commodo consequat. Duis aute irure dolor in reprehenderit in voluptate velit esse cillum dolore eu fugiat nulla pariatur. Excepteur sint occaecat cupidatat non proident, sunt in culpa qui officia deserunt mollit anim id est laborum.',NULL,'2015-11-28 23:46:16','2015-11-28 23:46:16',NULL,'61-61-lorem-ipsum-dolor-sit-amet-consectetur-adipisicing-elit'),(64,1,'62 Lorem ipsum dolor sit amet, consectetur adipisicing elit.',1,'62Lorem ipsum dolor sit amet, consectetur adipisicing elit, sed do eiusmod tempor incididunt ut labore et dolore magna aliqua. Ut enim ad minim veniam, quis nostrud exercitation ullamco laboris nisi ut aliquip ex ea commodo consequat. Duis aute irure dolor in reprehenderit in voluptate velit esse cillum dolore eu fugiat nulla pariatur. Excepteur sint occaecat cupidatat non proident, sunt in culpa qui officia deserunt mollit anim id est laborum.',NULL,'2015-11-28 23:46:16','2015-11-28 23:46:16',NULL,'62-62-lorem-ipsum-dolor-sit-amet-consectetur-adipisicing-elit'),(65,1,'63 Lorem ipsum dolor sit amet, consectetur adipisicing elit.',1,'63Lorem ipsum dolor sit amet, consectetur adipisicing elit, sed do eiusmod tempor incididunt ut labore et dolore magna aliqua. Ut enim ad minim veniam, quis nostrud exercitation ullamco laboris nisi ut aliquip ex ea commodo consequat. Duis aute irure dolor in reprehenderit in voluptate velit esse cillum dolore eu fugiat nulla pariatur. Excepteur sint occaecat cupidatat non proident, sunt in culpa qui officia deserunt mollit anim id est laborum.',NULL,'2015-11-28 23:46:16','2015-11-28 23:46:16',NULL,'63-63-lorem-ipsum-dolor-sit-amet-consectetur-adipisicing-elit'),(66,1,'64 Lorem ipsum dolor sit amet, consectetur adipisicing elit.',1,'64Lorem ipsum dolor sit amet, consectetur adipisicing elit, sed do eiusmod tempor incididunt ut labore et dolore magna aliqua. Ut enim ad minim veniam, quis nostrud exercitation ullamco laboris nisi ut aliquip ex ea commodo consequat. Duis aute irure dolor in reprehenderit in voluptate velit esse cillum dolore eu fugiat nulla pariatur. Excepteur sint occaecat cupidatat non proident, sunt in culpa qui officia deserunt mollit anim id est laborum.',NULL,'2015-11-28 23:46:16','2015-11-28 23:46:16',NULL,'64-64-lorem-ipsum-dolor-sit-amet-consectetur-adipisicing-elit'),(67,1,'65 Lorem ipsum dolor sit amet, consectetur adipisicing elit.',1,'65Lorem ipsum dolor sit amet, consectetur adipisicing elit, sed do eiusmod tempor incididunt ut labore et dolore magna aliqua. Ut enim ad minim veniam, quis nostrud exercitation ullamco laboris nisi ut aliquip ex ea commodo consequat. Duis aute irure dolor in reprehenderit in voluptate velit esse cillum dolore eu fugiat nulla pariatur. Excepteur sint occaecat cupidatat non proident, sunt in culpa qui officia deserunt mollit anim id est laborum.',NULL,'2015-11-28 23:46:16','2015-11-28 23:46:16',NULL,'65-65-lorem-ipsum-dolor-sit-amet-consectetur-adipisicing-elit'),(68,1,'66 Lorem ipsum dolor sit amet, consectetur adipisicing elit.',1,'66Lorem ipsum dolor sit amet, consectetur adipisicing elit, sed do eiusmod tempor incididunt ut labore et dolore magna aliqua. Ut enim ad minim veniam, quis nostrud exercitation ullamco laboris nisi ut aliquip ex ea commodo consequat. Duis aute irure dolor in reprehenderit in voluptate velit esse cillum dolore eu fugiat nulla pariatur. Excepteur sint occaecat cupidatat non proident, sunt in culpa qui officia deserunt mollit anim id est laborum.',NULL,'2015-11-28 23:46:16','2015-11-28 23:46:16',NULL,'66-66-lorem-ipsum-dolor-sit-amet-consectetur-adipisicing-elit'),(69,1,'67 Lorem ipsum dolor sit amet, consectetur adipisicing elit.',1,'67Lorem ipsum dolor sit amet, consectetur adipisicing elit, sed do eiusmod tempor incididunt ut labore et dolore magna aliqua. Ut enim ad minim veniam, quis nostrud exercitation ullamco laboris nisi ut aliquip ex ea commodo consequat. Duis aute irure dolor in reprehenderit in voluptate velit esse cillum dolore eu fugiat nulla pariatur. Excepteur sint occaecat cupidatat non proident, sunt in culpa qui officia deserunt mollit anim id est laborum.',NULL,'2015-11-28 23:46:16','2015-11-28 23:46:16',NULL,'67-67-lorem-ipsum-dolor-sit-amet-consectetur-adipisicing-elit'),(70,1,'68 Lorem ipsum dolor sit amet, consectetur adipisicing elit.',1,'68Lorem ipsum dolor sit amet, consectetur adipisicing elit, sed do eiusmod tempor incididunt ut labore et dolore magna aliqua. Ut enim ad minim veniam, quis nostrud exercitation ullamco laboris nisi ut aliquip ex ea commodo consequat. Duis aute irure dolor in reprehenderit in voluptate velit esse cillum dolore eu fugiat nulla pariatur. Excepteur sint occaecat cupidatat non proident, sunt in culpa qui officia deserunt mollit anim id est laborum.',NULL,'2015-11-28 23:46:16','2015-11-28 23:46:16',NULL,'68-68-lorem-ipsum-dolor-sit-amet-consectetur-adipisicing-elit'),(71,1,'69 Lorem ipsum dolor sit amet, consectetur adipisicing elit.',1,'69Lorem ipsum dolor sit amet, consectetur adipisicing elit, sed do eiusmod tempor incididunt ut labore et dolore magna aliqua. Ut enim ad minim veniam, quis nostrud exercitation ullamco laboris nisi ut aliquip ex ea commodo consequat. Duis aute irure dolor in reprehenderit in voluptate velit esse cillum dolore eu fugiat nulla pariatur. Excepteur sint occaecat cupidatat non proident, sunt in culpa qui officia deserunt mollit anim id est laborum.',NULL,'2015-11-28 23:46:16','2015-11-28 23:46:16',NULL,'69-69-lorem-ipsum-dolor-sit-amet-consectetur-adipisicing-elit'),(72,1,'70 Lorem ipsum dolor sit amet, consectetur adipisicing elit.',1,'70Lorem ipsum dolor sit amet, consectetur adipisicing elit, sed do eiusmod tempor incididunt ut labore et dolore magna aliqua. Ut enim ad minim veniam, quis nostrud exercitation ullamco laboris nisi ut aliquip ex ea commodo consequat. Duis aute irure dolor in reprehenderit in voluptate velit esse cillum dolore eu fugiat nulla pariatur. Excepteur sint occaecat cupidatat non proident, sunt in culpa qui officia deserunt mollit anim id est laborum.',NULL,'2015-11-28 23:46:16','2015-11-28 23:46:16',NULL,'70-70-lorem-ipsum-dolor-sit-amet-consectetur-adipisicing-elit'),(73,1,'71 Lorem ipsum dolor sit amet, consectetur adipisicing elit.',1,'71Lorem ipsum dolor sit amet, consectetur adipisicing elit, sed do eiusmod tempor incididunt ut labore et dolore magna aliqua. Ut enim ad minim veniam, quis nostrud exercitation ullamco laboris nisi ut aliquip ex ea commodo consequat. Duis aute irure dolor in reprehenderit in voluptate velit esse cillum dolore eu fugiat nulla pariatur. Excepteur sint occaecat cupidatat non proident, sunt in culpa qui officia deserunt mollit anim id est laborum.',NULL,'2015-11-28 23:46:16','2015-11-28 23:46:16',NULL,'71-71-lorem-ipsum-dolor-sit-amet-consectetur-adipisicing-elit'),(74,1,'72 Lorem ipsum dolor sit amet, consectetur adipisicing elit.',1,'72Lorem ipsum dolor sit amet, consectetur adipisicing elit, sed do eiusmod tempor incididunt ut labore et dolore magna aliqua. Ut enim ad minim veniam, quis nostrud exercitation ullamco laboris nisi ut aliquip ex ea commodo consequat. Duis aute irure dolor in reprehenderit in voluptate velit esse cillum dolore eu fugiat nulla pariatur. Excepteur sint occaecat cupidatat non proident, sunt in culpa qui officia deserunt mollit anim id est laborum.',NULL,'2015-11-28 23:46:16','2015-11-28 23:46:16',NULL,'72-72-lorem-ipsum-dolor-sit-amet-consectetur-adipisicing-elit'),(75,1,'73 Lorem ipsum dolor sit amet, consectetur adipisicing elit.',1,'73Lorem ipsum dolor sit amet, consectetur adipisicing elit, sed do eiusmod tempor incididunt ut labore et dolore magna aliqua. Ut enim ad minim veniam, quis nostrud exercitation ullamco laboris nisi ut aliquip ex ea commodo consequat. Duis aute irure dolor in reprehenderit in voluptate velit esse cillum dolore eu fugiat nulla pariatur. Excepteur sint occaecat cupidatat non proident, sunt in culpa qui officia deserunt mollit anim id est laborum.',NULL,'2015-11-28 23:46:16','2015-11-28 23:46:16',NULL,'73-73-lorem-ipsum-dolor-sit-amet-consectetur-adipisicing-elit'),(76,1,'74 Lorem ipsum dolor sit amet, consectetur adipisicing elit.',1,'74Lorem ipsum dolor sit amet, consectetur adipisicing elit, sed do eiusmod tempor incididunt ut labore et dolore magna aliqua. Ut enim ad minim veniam, quis nostrud exercitation ullamco laboris nisi ut aliquip ex ea commodo consequat. Duis aute irure dolor in reprehenderit in voluptate velit esse cillum dolore eu fugiat nulla pariatur. Excepteur sint occaecat cupidatat non proident, sunt in culpa qui officia deserunt mollit anim id est laborum.',NULL,'2015-11-28 23:46:16','2015-11-28 23:46:16',NULL,'74-74-lorem-ipsum-dolor-sit-amet-consectetur-adipisicing-elit'),(77,1,'75 Lorem ipsum dolor sit amet, consectetur adipisicing elit.',1,'75Lorem ipsum dolor sit amet, consectetur adipisicing elit, sed do eiusmod tempor incididunt ut labore et dolore magna aliqua. Ut enim ad minim veniam, quis nostrud exercitation ullamco laboris nisi ut aliquip ex ea commodo consequat. Duis aute irure dolor in reprehenderit in voluptate velit esse cillum dolore eu fugiat nulla pariatur. Excepteur sint occaecat cupidatat non proident, sunt in culpa qui officia deserunt mollit anim id est laborum.',NULL,'2015-11-28 23:46:16','2015-11-28 23:46:16',NULL,'75-75-lorem-ipsum-dolor-sit-amet-consectetur-adipisicing-elit'),(78,1,'76 Lorem ipsum dolor sit amet, consectetur adipisicing elit.',1,'76Lorem ipsum dolor sit amet, consectetur adipisicing elit, sed do eiusmod tempor incididunt ut labore et dolore magna aliqua. Ut enim ad minim veniam, quis nostrud exercitation ullamco laboris nisi ut aliquip ex ea commodo consequat. Duis aute irure dolor in reprehenderit in voluptate velit esse cillum dolore eu fugiat nulla pariatur. Excepteur sint occaecat cupidatat non proident, sunt in culpa qui officia deserunt mollit anim id est laborum.',NULL,'2015-11-28 23:46:16','2015-11-28 23:46:16',NULL,'76-76-lorem-ipsum-dolor-sit-amet-consectetur-adipisicing-elit'),(79,1,'77 Lorem ipsum dolor sit amet, consectetur adipisicing elit.',1,'77Lorem ipsum dolor sit amet, consectetur adipisicing elit, sed do eiusmod tempor incididunt ut labore et dolore magna aliqua. Ut enim ad minim veniam, quis nostrud exercitation ullamco laboris nisi ut aliquip ex ea commodo consequat. Duis aute irure dolor in reprehenderit in voluptate velit esse cillum dolore eu fugiat nulla pariatur. Excepteur sint occaecat cupidatat non proident, sunt in culpa qui officia deserunt mollit anim id est laborum.',NULL,'2015-11-28 23:46:17','2015-11-28 23:46:17',NULL,'77-77-lorem-ipsum-dolor-sit-amet-consectetur-adipisicing-elit'),(80,1,'78 Lorem ipsum dolor sit amet, consectetur adipisicing elit.',1,'78Lorem ipsum dolor sit amet, consectetur adipisicing elit, sed do eiusmod tempor incididunt ut labore et dolore magna aliqua. Ut enim ad minim veniam, quis nostrud exercitation ullamco laboris nisi ut aliquip ex ea commodo consequat. Duis aute irure dolor in reprehenderit in voluptate velit esse cillum dolore eu fugiat nulla pariatur. Excepteur sint occaecat cupidatat non proident, sunt in culpa qui officia deserunt mollit anim id est laborum.',NULL,'2015-11-28 23:46:17','2015-11-28 23:46:17',NULL,'78-78-lorem-ipsum-dolor-sit-amet-consectetur-adipisicing-elit'),(81,1,'79 Lorem ipsum dolor sit amet, consectetur adipisicing elit.',1,'79Lorem ipsum dolor sit amet, consectetur adipisicing elit, sed do eiusmod tempor incididunt ut labore et dolore magna aliqua. Ut enim ad minim veniam, quis nostrud exercitation ullamco laboris nisi ut aliquip ex ea commodo consequat. Duis aute irure dolor in reprehenderit in voluptate velit esse cillum dolore eu fugiat nulla pariatur. Excepteur sint occaecat cupidatat non proident, sunt in culpa qui officia deserunt mollit anim id est laborum.',NULL,'2015-11-28 23:46:17','2015-11-28 23:46:17',NULL,'79-79-lorem-ipsum-dolor-sit-amet-consectetur-adipisicing-elit'),(82,1,'80 Lorem ipsum dolor sit amet, consectetur adipisicing elit.',1,'80Lorem ipsum dolor sit amet, consectetur adipisicing elit, sed do eiusmod tempor incididunt ut labore et dolore magna aliqua. Ut enim ad minim veniam, quis nostrud exercitation ullamco laboris nisi ut aliquip ex ea commodo consequat. Duis aute irure dolor in reprehenderit in voluptate velit esse cillum dolore eu fugiat nulla pariatur. Excepteur sint occaecat cupidatat non proident, sunt in culpa qui officia deserunt mollit anim id est laborum.',NULL,'2015-11-28 23:46:17','2015-11-28 23:46:17',NULL,'80-80-lorem-ipsum-dolor-sit-amet-consectetur-adipisicing-elit'),(83,1,'81 Lorem ipsum dolor sit amet, consectetur adipisicing elit.',1,'81Lorem ipsum dolor sit amet, consectetur adipisicing elit, sed do eiusmod tempor incididunt ut labore et dolore magna aliqua. Ut enim ad minim veniam, quis nostrud exercitation ullamco laboris nisi ut aliquip ex ea commodo consequat. Duis aute irure dolor in reprehenderit in voluptate velit esse cillum dolore eu fugiat nulla pariatur. Excepteur sint occaecat cupidatat non proident, sunt in culpa qui officia deserunt mollit anim id est laborum.',NULL,'2015-11-28 23:46:17','2015-11-28 23:46:17',NULL,'81-81-lorem-ipsum-dolor-sit-amet-consectetur-adipisicing-elit'),(84,1,'82 Lorem ipsum dolor sit amet, consectetur adipisicing elit.',1,'82Lorem ipsum dolor sit amet, consectetur adipisicing elit, sed do eiusmod tempor incididunt ut labore et dolore magna aliqua. Ut enim ad minim veniam, quis nostrud exercitation ullamco laboris nisi ut aliquip ex ea commodo consequat. Duis aute irure dolor in reprehenderit in voluptate velit esse cillum dolore eu fugiat nulla pariatur. Excepteur sint occaecat cupidatat non proident, sunt in culpa qui officia deserunt mollit anim id est laborum.',NULL,'2015-11-28 23:46:17','2015-11-28 23:46:17',NULL,'82-82-lorem-ipsum-dolor-sit-amet-consectetur-adipisicing-elit'),(85,1,'83 Lorem ipsum dolor sit amet, consectetur adipisicing elit.',1,'83Lorem ipsum dolor sit amet, consectetur adipisicing elit, sed do eiusmod tempor incididunt ut labore et dolore magna aliqua. Ut enim ad minim veniam, quis nostrud exercitation ullamco laboris nisi ut aliquip ex ea commodo consequat. Duis aute irure dolor in reprehenderit in voluptate velit esse cillum dolore eu fugiat nulla pariatur. Excepteur sint occaecat cupidatat non proident, sunt in culpa qui officia deserunt mollit anim id est laborum.',NULL,'2015-11-28 23:46:17','2015-11-28 23:46:17',NULL,'83-83-lorem-ipsum-dolor-sit-amet-consectetur-adipisicing-elit'),(86,1,'84 Lorem ipsum dolor sit amet, consectetur adipisicing elit.',1,'84Lorem ipsum dolor sit amet, consectetur adipisicing elit, sed do eiusmod tempor incididunt ut labore et dolore magna aliqua. Ut enim ad minim veniam, quis nostrud exercitation ullamco laboris nisi ut aliquip ex ea commodo consequat. Duis aute irure dolor in reprehenderit in voluptate velit esse cillum dolore eu fugiat nulla pariatur. Excepteur sint occaecat cupidatat non proident, sunt in culpa qui officia deserunt mollit anim id est laborum.',NULL,'2015-11-28 23:46:17','2015-11-28 23:46:17',NULL,'84-84-lorem-ipsum-dolor-sit-amet-consectetur-adipisicing-elit'),(87,1,'85 Lorem ipsum dolor sit amet, consectetur adipisicing elit.',1,'85Lorem ipsum dolor sit amet, consectetur adipisicing elit, sed do eiusmod tempor incididunt ut labore et dolore magna aliqua. Ut enim ad minim veniam, quis nostrud exercitation ullamco laboris nisi ut aliquip ex ea commodo consequat. Duis aute irure dolor in reprehenderit in voluptate velit esse cillum dolore eu fugiat nulla pariatur. Excepteur sint occaecat cupidatat non proident, sunt in culpa qui officia deserunt mollit anim id est laborum.',NULL,'2015-11-28 23:46:17','2015-11-28 23:46:17',NULL,'85-85-lorem-ipsum-dolor-sit-amet-consectetur-adipisicing-elit'),(88,1,'86 Lorem ipsum dolor sit amet, consectetur adipisicing elit.',1,'86Lorem ipsum dolor sit amet, consectetur adipisicing elit, sed do eiusmod tempor incididunt ut labore et dolore magna aliqua. Ut enim ad minim veniam, quis nostrud exercitation ullamco laboris nisi ut aliquip ex ea commodo consequat. Duis aute irure dolor in reprehenderit in voluptate velit esse cillum dolore eu fugiat nulla pariatur. Excepteur sint occaecat cupidatat non proident, sunt in culpa qui officia deserunt mollit anim id est laborum.',NULL,'2015-11-28 23:46:17','2015-11-28 23:46:17',NULL,'86-86-lorem-ipsum-dolor-sit-amet-consectetur-adipisicing-elit'),(89,1,'87 Lorem ipsum dolor sit amet, consectetur adipisicing elit.',1,'87Lorem ipsum dolor sit amet, consectetur adipisicing elit, sed do eiusmod tempor incididunt ut labore et dolore magna aliqua. Ut enim ad minim veniam, quis nostrud exercitation ullamco laboris nisi ut aliquip ex ea commodo consequat. Duis aute irure dolor in reprehenderit in voluptate velit esse cillum dolore eu fugiat nulla pariatur. Excepteur sint occaecat cupidatat non proident, sunt in culpa qui officia deserunt mollit anim id est laborum.',NULL,'2015-11-28 23:46:17','2015-11-28 23:46:17',NULL,'87-87-lorem-ipsum-dolor-sit-amet-consectetur-adipisicing-elit'),(90,1,'88 Lorem ipsum dolor sit amet, consectetur adipisicing elit.',1,'88Lorem ipsum dolor sit amet, consectetur adipisicing elit, sed do eiusmod tempor incididunt ut labore et dolore magna aliqua. Ut enim ad minim veniam, quis nostrud exercitation ullamco laboris nisi ut aliquip ex ea commodo consequat. Duis aute irure dolor in reprehenderit in voluptate velit esse cillum dolore eu fugiat nulla pariatur. Excepteur sint occaecat cupidatat non proident, sunt in culpa qui officia deserunt mollit anim id est laborum.',NULL,'2015-11-28 23:46:17','2015-11-28 23:46:17',NULL,'88-88-lorem-ipsum-dolor-sit-amet-consectetur-adipisicing-elit'),(91,1,'89 Lorem ipsum dolor sit amet, consectetur adipisicing elit.',1,'89Lorem ipsum dolor sit amet, consectetur adipisicing elit, sed do eiusmod tempor incididunt ut labore et dolore magna aliqua. Ut enim ad minim veniam, quis nostrud exercitation ullamco laboris nisi ut aliquip ex ea commodo consequat. Duis aute irure dolor in reprehenderit in voluptate velit esse cillum dolore eu fugiat nulla pariatur. Excepteur sint occaecat cupidatat non proident, sunt in culpa qui officia deserunt mollit anim id est laborum.',NULL,'2015-11-28 23:46:17','2015-11-28 23:46:17',NULL,'89-89-lorem-ipsum-dolor-sit-amet-consectetur-adipisicing-elit'),(92,1,'90 Lorem ipsum dolor sit amet, consectetur adipisicing elit.',1,'90Lorem ipsum dolor sit amet, consectetur adipisicing elit, sed do eiusmod tempor incididunt ut labore et dolore magna aliqua. Ut enim ad minim veniam, quis nostrud exercitation ullamco laboris nisi ut aliquip ex ea commodo consequat. Duis aute irure dolor in reprehenderit in voluptate velit esse cillum dolore eu fugiat nulla pariatur. Excepteur sint occaecat cupidatat non proident, sunt in culpa qui officia deserunt mollit anim id est laborum.',NULL,'2015-11-28 23:46:17','2015-11-28 23:46:17',NULL,'90-90-lorem-ipsum-dolor-sit-amet-consectetur-adipisicing-elit'),(93,1,'91 Lorem ipsum dolor sit amet, consectetur adipisicing elit.',1,'91Lorem ipsum dolor sit amet, consectetur adipisicing elit, sed do eiusmod tempor incididunt ut labore et dolore magna aliqua. Ut enim ad minim veniam, quis nostrud exercitation ullamco laboris nisi ut aliquip ex ea commodo consequat. Duis aute irure dolor in reprehenderit in voluptate velit esse cillum dolore eu fugiat nulla pariatur. Excepteur sint occaecat cupidatat non proident, sunt in culpa qui officia deserunt mollit anim id est laborum.',NULL,'2015-11-28 23:46:17','2015-11-28 23:46:17',NULL,'91-91-lorem-ipsum-dolor-sit-amet-consectetur-adipisicing-elit'),(94,1,'92 Lorem ipsum dolor sit amet, consectetur adipisicing elit.',1,'92Lorem ipsum dolor sit amet, consectetur adipisicing elit, sed do eiusmod tempor incididunt ut labore et dolore magna aliqua. Ut enim ad minim veniam, quis nostrud exercitation ullamco laboris nisi ut aliquip ex ea commodo consequat. Duis aute irure dolor in reprehenderit in voluptate velit esse cillum dolore eu fugiat nulla pariatur. Excepteur sint occaecat cupidatat non proident, sunt in culpa qui officia deserunt mollit anim id est laborum.',NULL,'2015-11-28 23:46:17','2015-11-28 23:46:17',NULL,'92-92-lorem-ipsum-dolor-sit-amet-consectetur-adipisicing-elit'),(95,1,'93 Lorem ipsum dolor sit amet, consectetur adipisicing elit.',1,'93Lorem ipsum dolor sit amet, consectetur adipisicing elit, sed do eiusmod tempor incididunt ut labore et dolore magna aliqua. Ut enim ad minim veniam, quis nostrud exercitation ullamco laboris nisi ut aliquip ex ea commodo consequat. Duis aute irure dolor in reprehenderit in voluptate velit esse cillum dolore eu fugiat nulla pariatur. Excepteur sint occaecat cupidatat non proident, sunt in culpa qui officia deserunt mollit anim id est laborum.',NULL,'2015-11-28 23:46:17','2015-11-28 23:46:17',NULL,'93-93-lorem-ipsum-dolor-sit-amet-consectetur-adipisicing-elit'),(96,1,'94 Lorem ipsum dolor sit amet, consectetur adipisicing elit.',1,'94Lorem ipsum dolor sit amet, consectetur adipisicing elit, sed do eiusmod tempor incididunt ut labore et dolore magna aliqua. Ut enim ad minim veniam, quis nostrud exercitation ullamco laboris nisi ut aliquip ex ea commodo consequat. Duis aute irure dolor in reprehenderit in voluptate velit esse cillum dolore eu fugiat nulla pariatur. Excepteur sint occaecat cupidatat non proident, sunt in culpa qui officia deserunt mollit anim id est laborum.',NULL,'2015-11-28 23:46:17','2015-11-28 23:46:17',NULL,'94-94-lorem-ipsum-dolor-sit-amet-consectetur-adipisicing-elit'),(97,1,'95 Lorem ipsum dolor sit amet, consectetur adipisicing elit.',1,'95Lorem ipsum dolor sit amet, consectetur adipisicing elit, sed do eiusmod tempor incididunt ut labore et dolore magna aliqua. Ut enim ad minim veniam, quis nostrud exercitation ullamco laboris nisi ut aliquip ex ea commodo consequat. Duis aute irure dolor in reprehenderit in voluptate velit esse cillum dolore eu fugiat nulla pariatur. Excepteur sint occaecat cupidatat non proident, sunt in culpa qui officia deserunt mollit anim id est laborum.',NULL,'2015-11-28 23:46:17','2015-11-28 23:46:17',NULL,'95-95-lorem-ipsum-dolor-sit-amet-consectetur-adipisicing-elit'),(98,1,'96 Lorem ipsum dolor sit amet, consectetur adipisicing elit.',1,'96Lorem ipsum dolor sit amet, consectetur adipisicing elit, sed do eiusmod tempor incididunt ut labore et dolore magna aliqua. Ut enim ad minim veniam, quis nostrud exercitation ullamco laboris nisi ut aliquip ex ea commodo consequat. Duis aute irure dolor in reprehenderit in voluptate velit esse cillum dolore eu fugiat nulla pariatur. Excepteur sint occaecat cupidatat non proident, sunt in culpa qui officia deserunt mollit anim id est laborum.',NULL,'2015-11-28 23:46:17','2015-11-28 23:46:17',NULL,'96-96-lorem-ipsum-dolor-sit-amet-consectetur-adipisicing-elit'),(99,1,'97 Lorem ipsum dolor sit amet, consectetur adipisicing elit.',1,'97Lorem ipsum dolor sit amet, consectetur adipisicing elit, sed do eiusmod tempor incididunt ut labore et dolore magna aliqua. Ut enim ad minim veniam, quis nostrud exercitation ullamco laboris nisi ut aliquip ex ea commodo consequat. Duis aute irure dolor in reprehenderit in voluptate velit esse cillum dolore eu fugiat nulla pariatur. Excepteur sint occaecat cupidatat non proident, sunt in culpa qui officia deserunt mollit anim id est laborum.',NULL,'2015-11-28 23:46:17','2015-11-28 23:46:17',NULL,'97-97-lorem-ipsum-dolor-sit-amet-consectetur-adipisicing-elit'),(100,1,'98 Lorem ipsum dolor sit amet, consectetur adipisicing elit.',1,'98Lorem ipsum dolor sit amet, consectetur adipisicing elit, sed do eiusmod tempor incididunt ut labore et dolore magna aliqua. Ut enim ad minim veniam, quis nostrud exercitation ullamco laboris nisi ut aliquip ex ea commodo consequat. Duis aute irure dolor in reprehenderit in voluptate velit esse cillum dolore eu fugiat nulla pariatur. Excepteur sint occaecat cupidatat non proident, sunt in culpa qui officia deserunt mollit anim id est laborum.',NULL,'2015-11-28 23:46:17','2015-11-28 23:46:17',NULL,'98-98-lorem-ipsum-dolor-sit-amet-consectetur-adipisicing-elit'),(101,1,'99 Lorem ipsum dolor sit amet, consectetur adipisicing elit.',1,'99Lorem ipsum dolor sit amet, consectetur adipisicing elit, sed do eiusmod tempor incididunt ut labore et dolore magna aliqua. Ut enim ad minim veniam, quis nostrud exercitation ullamco laboris nisi ut aliquip ex ea commodo consequat. Duis aute irure dolor in reprehenderit in voluptate velit esse cillum dolore eu fugiat nulla pariatur. Excepteur sint occaecat cupidatat non proident, sunt in culpa qui officia deserunt mollit anim id est laborum.',NULL,'2015-11-28 23:46:17','2015-12-01 17:58:11',NULL,'99-99-lorem-ipsum-dolor-sit-amet-consectetur-adipisicing-elit');
/*!40000 ALTER TABLE `pwl_question` ENABLE KEYS */;
UNLOCK TABLES;

--
-- Table structure for table `pwl_question_tag`
--

DROP TABLE IF EXISTS `pwl_question_tag`;
/*!40101 SET @saved_cs_client     = @@character_set_client */;
/*!40101 SET character_set_client = utf8 */;
CREATE TABLE `pwl_question_tag` (
  `id_qt` int(11) NOT NULL AUTO_INCREMENT,
  `question_id` int(11) NOT NULL,
  `tag_id` int(11) NOT NULL,
  PRIMARY KEY (`id_qt`),
  KEY `question_id` (`question_id`),
  KEY `tag_id` (`tag_id`),
  CONSTRAINT `pwl_question_tag_ibfk_1` FOREIGN KEY (`question_id`) REFERENCES `pwl_question` (`id_question`) ON DELETE CASCADE ON UPDATE CASCADE,
  CONSTRAINT `pwl_question_tag_ibfk_2` FOREIGN KEY (`tag_id`) REFERENCES `pwl_tag` (`id_tag`) ON DELETE CASCADE ON UPDATE CASCADE
) ENGINE=InnoDB AUTO_INCREMENT=17 DEFAULT CHARSET=utf8;
/*!40101 SET character_set_client = @saved_cs_client */;

--
-- Dumping data for table `pwl_question_tag`
--

LOCK TABLES `pwl_question_tag` WRITE;
/*!40000 ALTER TABLE `pwl_question_tag` DISABLE KEYS */;
INSERT INTO `pwl_question_tag` VALUES (11,3,2),(12,3,3),(13,101,1),(14,101,2),(15,101,3),(16,101,4);
/*!40000 ALTER TABLE `pwl_question_tag` ENABLE KEYS */;
UNLOCK TABLES;

--
-- Table structure for table `pwl_role`
--

DROP TABLE IF EXISTS `pwl_role`;
/*!40101 SET @saved_cs_client     = @@character_set_client */;
/*!40101 SET character_set_client = utf8 */;
CREATE TABLE `pwl_role` (
  `id_role` int(11) NOT NULL AUTO_INCREMENT,
  `role_name` varchar(25) NOT NULL,
  PRIMARY KEY (`id_role`)
) ENGINE=InnoDB AUTO_INCREMENT=3 DEFAULT CHARSET=utf8;
/*!40101 SET character_set_client = @saved_cs_client */;

--
-- Dumping data for table `pwl_role`
--

LOCK TABLES `pwl_role` WRITE;
/*!40000 ALTER TABLE `pwl_role` DISABLE KEYS */;
INSERT INTO `pwl_role` VALUES (1,'Administrator'),(2,'User');
/*!40000 ALTER TABLE `pwl_role` ENABLE KEYS */;
UNLOCK TABLES;

--
-- Table structure for table `pwl_session`
--

DROP TABLE IF EXISTS `pwl_session`;
/*!40101 SET @saved_cs_client     = @@character_set_client */;
/*!40101 SET character_set_client = utf8 */;
CREATE TABLE `pwl_session` (
  `id` varchar(40) NOT NULL,
  `ip_address` varchar(45) NOT NULL,
  `timestamp` int(10) unsigned NOT NULL DEFAULT '0',
  `data` blob NOT NULL,
  KEY `timestamp` (`timestamp`)
) ENGINE=InnoDB DEFAULT CHARSET=utf8;
/*!40101 SET character_set_client = @saved_cs_client */;

--
-- Dumping data for table `pwl_session`
--

LOCK TABLES `pwl_session` WRITE;
/*!40000 ALTER TABLE `pwl_session` DISABLE KEYS */;
/*!40000 ALTER TABLE `pwl_session` ENABLE KEYS */;
UNLOCK TABLES;

--
-- Table structure for table `pwl_tag`
--

DROP TABLE IF EXISTS `pwl_tag`;
/*!40101 SET @saved_cs_client     = @@character_set_client */;
/*!40101 SET character_set_client = utf8 */;
CREATE TABLE `pwl_tag` (
  `id_tag` int(11) NOT NULL AUTO_INCREMENT,
  `tag_name` varchar(50) NOT NULL,
  PRIMARY KEY (`id_tag`)
) ENGINE=InnoDB AUTO_INCREMENT=5 DEFAULT CHARSET=utf8;
/*!40101 SET character_set_client = @saved_cs_client */;

--
-- Dumping data for table `pwl_tag`
--

LOCK TABLES `pwl_tag` WRITE;
/*!40000 ALTER TABLE `pwl_tag` DISABLE KEYS */;
INSERT INTO `pwl_tag` VALUES (1,'PHP'),(2,'MySQL'),(3,'HTML'),(4,'CSS');
/*!40000 ALTER TABLE `pwl_tag` ENABLE KEYS */;
UNLOCK TABLES;

--
-- Table structure for table `pwl_user`
--

DROP TABLE IF EXISTS `pwl_user`;
/*!40101 SET @saved_cs_client     = @@character_set_client */;
/*!40101 SET character_set_client = utf8 */;
CREATE TABLE `pwl_user` (
  `id_user` int(11) NOT NULL AUTO_INCREMENT,
  `username` varchar(25) NOT NULL,
  `password` varchar(200) NOT NULL,
  `activated` tinyint(4) NOT NULL DEFAULT '0',
  `nama` varchar(100) NOT NULL,
  `email` varchar(100) NOT NULL,
  `bio` text NOT NULL,
  `web` varchar(50) NOT NULL,
  `lokasi` varchar(50) NOT NULL,
  `role_id` int(11) NOT NULL DEFAULT '2',
  `user_date` datetime NOT NULL,
  `last_login` datetime DEFAULT NULL,
  `last_ip` varchar(50) DEFAULT NULL,
  `modified` timestamp NOT NULL DEFAULT CURRENT_TIMESTAMP ON UPDATE CURRENT_TIMESTAMP,
  `lost_password` varchar(50) DEFAULT NULL,
  `image` varchar(50) DEFAULT NULL,
  `activated_hash` varchar(40) DEFAULT NULL,
  PRIMARY KEY (`id_user`),
  KEY `role` (`role_id`),
  CONSTRAINT `pwl_user_ibfk_1` FOREIGN KEY (`role_id`) REFERENCES `pwl_role` (`id_role`) ON DELETE CASCADE ON UPDATE CASCADE
) ENGINE=InnoDB AUTO_INCREMENT=3 DEFAULT CHARSET=utf8;
/*!40101 SET character_set_client = @saved_cs_client */;

--
-- Dumping data for table `pwl_user`
--

LOCK TABLES `pwl_user` WRITE;
/*!40000 ALTER TABLE `pwl_user` DISABLE KEYS */;
INSERT INTO `pwl_user` VALUES (1,'SunDI3yansyah','$2a$08$htI9FWPKvfp7XUvgZRQdOO9QqAo7.rUs1C2Tb/8H2lh/r/InawzSy',1,'Cahyadi Triyansyah','sundi3yansyah@gmail.com','Nothing else','sundi3yansyah.com','Yogyakarta',1,'2015-11-25 00:00:00','2015-12-11 13:26:46','127.0.0.1','2015-12-11 07:36:40','','e9f389d2fefb94940770cbbca4409d17b61e013b.png','e9f389d2fefb94940770cbbca4409d17b61e013b'),(2,'Demo','$2a$08$NNXQsQvLLmltzuOYLo4oF.HWJI/9HTHs/F7tIZWIEua1OFjFg5P5S',1,'demodemo','demo@demo.com','','','',2,'2015-11-30 10:46:23','2015-11-30 10:46:48','127.0.0.1','2015-12-11 06:26:34',NULL,NULL,'4f18112b12df7c3a557ca55df0b7286e6b39645b');
/*!40000 ALTER TABLE `pwl_user` ENABLE KEYS */;
UNLOCK TABLES;

--
-- Table structure for table `pwl_vote`
--

DROP TABLE IF EXISTS `pwl_vote`;
/*!40101 SET @saved_cs_client     = @@character_set_client */;
/*!40101 SET character_set_client = utf8 */;
CREATE TABLE `pwl_vote` (
  `id_vote` int(11) NOT NULL AUTO_INCREMENT,
  `user_id` int(11) NOT NULL,
  `question_id` int(11) DEFAULT NULL,
  `answer_id` int(11) DEFAULT NULL,
  `vote_in` enum('Question','Answer') NOT NULL,
  `vote_date` datetime NOT NULL,
  `vote_update` datetime DEFAULT NULL,
  `vote_for` enum('Up','Down') NOT NULL,
  PRIMARY KEY (`id_vote`),
  KEY `user_id` (`user_id`),
  KEY `question_id` (`question_id`),
  KEY `answer_id` (`answer_id`),
  CONSTRAINT `pwl_vote_ibfk_1` FOREIGN KEY (`user_id`) REFERENCES `pwl_user` (`id_user`) ON DELETE CASCADE ON UPDATE CASCADE,
  CONSTRAINT `pwl_vote_ibfk_2` FOREIGN KEY (`question_id`) REFERENCES `pwl_question` (`id_question`) ON DELETE CASCADE ON UPDATE CASCADE,
  CONSTRAINT `pwl_vote_ibfk_3` FOREIGN KEY (`answer_id`) REFERENCES `pwl_answer` (`id_answer`) ON DELETE CASCADE ON UPDATE CASCADE
) ENGINE=InnoDB AUTO_INCREMENT=2 DEFAULT CHARSET=utf8;
/*!40101 SET character_set_client = @saved_cs_client */;

--
-- Dumping data for table `pwl_vote`
--

LOCK TABLES `pwl_vote` WRITE;
/*!40000 ALTER TABLE `pwl_vote` DISABLE KEYS */;
INSERT INTO `pwl_vote` VALUES (1,1,NULL,1,'Answer','2015-12-07 00:00:00','2015-12-07 00:00:00','Up');
/*!40000 ALTER TABLE `pwl_vote` ENABLE KEYS */;
UNLOCK TABLES;
/*!40103 SET TIME_ZONE=@OLD_TIME_ZONE */;

/*!40101 SET SQL_MODE=@OLD_SQL_MODE */;
/*!40014 SET FOREIGN_KEY_CHECKS=@OLD_FOREIGN_KEY_CHECKS */;
/*!40014 SET UNIQUE_CHECKS=@OLD_UNIQUE_CHECKS */;
/*!40101 SET CHARACTER_SET_CLIENT=@OLD_CHARACTER_SET_CLIENT */;
/*!40101 SET CHARACTER_SET_RESULTS=@OLD_CHARACTER_SET_RESULTS */;
/*!40101 SET COLLATION_CONNECTION=@OLD_COLLATION_CONNECTION */;
/*!40111 SET SQL_NOTES=@OLD_SQL_NOTES */;

-- Dump completed on 2015-12-11 15:12:59
